follower_following_ratio,is_fake,user_biography_length,user_follower_count,user_following_count,user_has_profil_pic,user_is_private,user_media_count,username_digit_count,username_length
0.895705521,0,69,146,163,1,1,63,0,9
0.989085948,0,35,725,733,1,1,91,0,13
0.921259843,0,35,351,381,1,0,25,0,10
0.035836177,0,54,21,586,1,0,3,0,12
0.159090909,1,0,441,2772,0,1,0,2,9
0.373639661,0,0,309,827,1,1,203,0,9
0.848684211,0,0,129,152,1,1,0,0,14
0.0209762,1,0,52,2479,1,0,0,0,14
0.9875,0,7,79,80,1,1,2,0,11
0.879518072,0,0,146,166,1,1,4,4,10
0.949008499,0,26,335,353,1,1,2,0,14
1.036319613,0,16,428,413,1,1,314,0,12
1.433936022,0,12,1031,719,1,0,99,0,13
1.152380952,0,54,605,525,1,0,6,0,9
0.329443447,0,16,367,1114,1,0,69,0,8
0.141223556,1,0,247,1749,1,0,3,4,10
0.690721649,0,0,268,388,1,1,3,0,8
0.894366197,0,0,127,142,1,1,6,0,13
0.899470899,0,27,340,378,1,1,9,0,12
0.089588378,0,49,37,413,1,0,5,0,9
1.055658627,0,41,569,539,1,1,95,0,11
0.605813953,0,0,521,860,1,1,262,0,7
0.099616858,0,28,78,783,1,0,1,0,11
0.892857143,0,71,200,224,1,1,17,0,12
0.763513514,0,0,113,148,1,1,9,0,10
1.774193548,0,0,55,31,1,0,1,0,8
1.193726937,0,21,647,542,1,1,36,0,14
0.702627939,0,33,508,723,1,1,154,0,11
1.222222222,0,0,1221,999,1,1,30,0,13
0.34741784,0,0,148,426,1,1,22,0,8
0.783454988,0,23,322,411,1,1,12,0,11
1.123595506,0,15,300,267,1,0,22,0,10
0.406396256,0,0,521,1282,1,1,156,0,13
0.825333333,0,24,619,750,1,1,38,0,9
1.258883249,0,71,248,197,1,1,27,0,11
0.884254432,0,0,848,959,1,0,225,0,8
0.125,1,0,1,8,0,0,0,0,11
1.03015873,0,35,649,630,1,0,67,0,9
1.008928571,0,0,113,112,1,1,14,0,10
0.022646007,1,0,38,1678,0,0,0,5,19
2.655976676,0,76,911,343,1,0,411,0,7
0.095954357,1,74,185,1928,1,0,3,0,12
0.181265207,0,83,149,822,1,0,6,0,13
0.778021978,0,0,354,455,1,1,19,0,12
1.058232932,0,40,527,498,1,1,42,1,11
0,1,0,0,753,1,1,9,0,13
0.382862352,0,22,420,1097,1,1,29,0,10
0.990196078,0,27,404,408,1,1,102,0,7
0,1,0,0,524,1,1,0,0,6
1.064102564,0,19,249,234,1,1,17,0,9
0.996845426,0,110,316,317,1,1,101,0,7
0.846794338,0,0,1017,1201,1,0,263,0,14
0.858131488,0,22,248,289,1,1,21,0,10
0.883673469,0,0,433,490,1,1,12,0,11
1.007194245,0,43,420,417,1,1,6,0,11
1.433333333,0,0,43,30,1,1,15,2,6
1.039156627,0,19,345,332,1,1,167,0,14
0.836697248,0,82,456,545,1,1,48,0,10
0.382608696,0,0,132,345,1,1,33,0,6
0.831168831,0,8,256,308,1,1,6,0,17
0.786703601,0,45,284,361,1,1,41,0,19
0.669064748,0,0,93,139,1,0,3,0,12
0.003923492,1,0,8,2039,1,0,0,4,11
0.287053571,1,0,643,2240,1,0,2,1,11
0.386363636,0,0,102,264,1,1,11,0,12
1.043478261,0,22,288,276,1,1,13,0,12
0.032679739,0,70,25,765,1,0,2,0,16
0.71641791,0,3,96,134,1,1,9,0,20
0.126811594,1,0,140,1104,1,0,3,0,15
1.056461731,0,0,842,797,1,1,99,0,13
0.059405941,0,135,12,202,1,0,2,0,12
1.025862069,0,0,119,116,1,1,2,0,15
1.055658627,0,41,569,539,1,1,95,0,11
0.213210445,0,84,694,3255,1,0,8,2,15
0.063291139,1,0,145,2291,0,0,1,7,15
0.754560531,0,0,455,603,1,1,79,0,11
1.46875,0,91,141,96,1,0,9,0,9
2.032579186,0,130,4492,2210,1,0,184,0,15
0.800829876,0,32,386,482,1,1,48,0,7
0.914081146,0,4,383,419,1,1,5,0,11
0.413690476,0,25,278,672,1,1,21,0,15
0.770114943,0,43,268,348,1,0,21,0,11
4.333333333,0,0,169,39,1,0,4,0,11
1.427350427,0,0,334,234,1,1,16,0,12
0.721088435,0,0,106,147,1,1,1,0,11
0.770358306,0,5,473,614,1,0,99,0,13
1.011627907,0,0,174,172,1,1,1,0,10
0.83449235,0,50,600,719,1,1,181,0,12
0.015735884,1,50,51,3241,1,1,0,2,13
0.128033473,1,9,153,1195,1,0,0,0,9
0.397740785,1,0,1338,3364,0,1,0,0,10
0.991253644,0,0,340,343,1,1,8,0,11
0.865951743,0,40,323,373,1,1,10,0,14
1.24742268,0,0,726,582,1,0,17,0,16
0.02276176,1,0,15,659,1,0,1,0,8
0.621414914,0,0,325,523,1,1,84,0,17
0.95215311,0,107,199,209,1,1,49,0,10
1.010152284,0,74,199,197,1,0,6,0,10
0.909547739,0,0,181,199,0,1,3,1,21
0.441208198,0,6,409,927,1,1,32,0,7
0.036247335,1,110,34,938,1,0,3,0,15
1.287716406,0,0,1562,1213,1,1,98,0,14
1.022535211,0,41,363,355,1,1,17,0,11
1.198369565,0,25,441,368,1,1,30,0,8
0.914590747,0,17,257,281,1,1,11,0,8
8,1,0,32,4,1,0,1,2,10
0.927655938,0,136,3257,3511,1,0,113,0,8
0.032921811,1,0,16,486,1,1,0,0,13
0.700381679,0,0,367,524,1,1,47,0,11
1,1,59,1,1,1,0,7,4,15
0.662921348,0,0,59,89,1,0,0,2,12
0.443425076,0,139,145,327,1,0,6,0,14
0.893772894,0,14,488,546,1,1,25,0,9
0.253358925,0,113,792,3126,1,0,6,0,20
1.884831461,0,24,1342,712,1,0,112,0,12
0.859589041,0,0,251,292,1,1,3,0,9
1.02745098,0,0,524,510,1,1,18,0,9
1.121546961,0,23,609,543,1,1,58,0,9
1.049056604,0,0,278,265,1,0,155,0,9
0.657894737,0,0,200,304,1,1,82,0,8
0.637096774,0,105,316,496,1,0,5,0,16
0.018246727,1,0,46,2521,0,0,0,2,12
1.063492063,0,74,536,504,1,1,134,0,15
0.020576132,1,0,5,243,0,1,1,0,12
0.994736842,0,0,189,190,1,1,9,0,6
1.823529412,0,0,93,51,1,1,1,0,10
0.829376855,0,0,559,674,1,1,13,0,14
0.762124711,0,63,330,433,1,0,35,0,15
0.79015544,0,24,305,386,1,1,166,0,9
1.044247788,0,12,236,226,1,1,12,0,7
0.007647059,1,0,26,3400,0,0,0,2,8
1.110576923,0,26,924,832,1,1,596,0,9
1.024875622,0,10,206,201,1,1,16,0,9
1.025889968,0,17,634,618,1,1,25,0,7
1.029850746,0,131,207,201,1,1,75,2,12
0.557860262,0,0,511,916,1,1,134,0,12
1.039215686,0,78,371,357,1,1,19,0,12
0.266990291,1,0,165,618,1,0,0,0,8
0.008161183,1,70,32,3921,1,0,0,2,11
0.817330211,0,13,349,427,1,1,14,4,12
0.555555556,0,0,60,108,1,1,49,1,14
0.018678161,1,85,26,1392,1,0,3,1,13
1.00733945,0,0,549,545,1,1,100,0,11
1.10625,0,0,531,480,1,0,13,0,12
0.008935332,1,0,59,6603,0,1,0,0,12
5.25,0,0,42,8,1,0,1,0,15
0.542056075,0,0,116,214,1,1,5,0,11
0.041252485,1,0,83,2012,1,1,0,2,12
1.024169184,0,48,339,331,1,1,4,0,12
0.945454545,0,0,156,165,1,0,8,0,16
0.008115942,1,0,14,1725,1,1,0,4,9
0.48,1,0,12,25,0,0,0,0,9
0.940909091,0,14,414,440,1,0,71,0,9
0.78042328,0,27,295,378,1,1,1,1,13
0.336842105,1,70,64,190,1,0,3,0,16
0.280701754,0,26,16,57,1,1,4,2,14
0.238061297,0,0,1002,4209,1,0,9,2,16
0.931818182,0,0,369,396,1,1,5,0,12
0.482417582,0,1,439,910,1,1,517,0,10
0.834254144,0,1,302,362,1,1,54,0,13
0.801195815,0,21,536,669,1,1,30,2,8
0.624045802,0,0,327,524,1,1,24,0,13
1.191435768,0,35,473,397,1,1,28,0,16
0.3125,1,0,5,16,0,1,0,0,9
1.105263158,0,44,735,665,1,1,19,0,11
0.640798226,0,0,289,451,1,1,76,0,13
0.634069401,0,79,201,317,1,1,14,0,8
0.127809608,1,0,290,2269,0,1,0,0,12
0.951807229,0,14,632,664,1,1,31,0,10
1.177884615,0,4,245,208,1,1,2,2,12
0.724880383,0,115,303,418,1,1,92,0,13
0.957654723,0,0,294,307,1,1,22,2,11
0.866666667,0,8,481,555,1,1,29,0,11
0.685756241,0,1,467,681,1,1,149,0,10
1.753424658,0,51,384,219,1,1,11,0,12
0.560928433,0,2,290,517,1,1,16,0,10
0.872909699,0,119,261,299,1,0,8,0,10
0.341176471,0,12,58,170,1,0,20,0,9
0.92972973,0,57,516,555,1,1,39,0,12
0.69,0,0,69,100,1,1,5,0,9
0.016404419,1,0,49,2987,0,0,0,0,8
0.990070922,0,0,698,705,1,1,32,0,7
0.897435897,0,0,70,78,1,0,9,0,20
0.005084746,1,0,9,1770,0,0,0,0,8
0.838899804,0,26,427,509,1,1,0,0,12
0.689686099,0,25,769,1115,1,0,92,0,10
0.970149254,0,0,325,335,1,1,50,0,14
0.031976744,1,24,11,344,0,1,0,4,9
1.017182131,0,0,296,291,1,1,26,0,14
1.211382114,0,0,149,123,1,0,1,0,15
1.174757282,0,13,484,412,1,1,59,0,8
3.711399711,0,3,2572,693,1,0,8,0,11
1.070080863,0,0,397,371,1,1,298,0,6
0.805970149,0,40,216,268,1,1,10,1,10
0.898132428,0,33,529,589,1,1,67,0,13
0.797183099,0,0,283,355,1,1,140,0,8
1.064159292,0,93,481,452,1,0,163,0,10
0.934189406,0,0,582,623,1,1,36,0,14
0.268156425,1,0,48,179,1,0,4,0,8
0.068238213,1,0,110,1612,0,1,0,4,12
0.243272927,0,0,443,1821,1,0,8,0,14
0.903381643,0,9,187,207,1,1,16,0,9
0.849372385,0,0,406,478,1,1,76,0,12
0.740659341,0,0,337,455,1,1,2,0,14
1.178958785,0,133,1087,922,1,0,284,0,10
1.425110132,0,0,647,454,1,1,6,0,6
1,1,90,1,0,1,0,9,1,19
0.930885529,0,21,431,463,1,1,42,0,10
0.973282443,0,101,1020,1048,1,0,126,0,8
1.12,0,39,560,500,1,1,49,0,9
1.131274131,0,0,293,259,1,1,36,0,13
1.679144385,0,102,314,187,1,0,200,0,11
1.035671819,0,78,871,841,1,0,161,0,12
0.968085106,0,19,182,188,1,1,24,0,7
1.026483051,0,124,969,944,1,0,118,0,12
1.027624309,0,36,372,362,1,1,13,0,7
0.950943396,0,41,252,265,1,1,4,0,9
0.911290323,0,42,226,248,1,0,19,0,6
0.077639752,1,0,25,322,1,0,0,0,8
0.746835443,0,0,177,237,1,1,9,2,12
0.996583144,0,4,875,878,1,1,15,0,13
0.176899696,0,22,873,4935,1,0,30,0,9
0.435270133,0,20,427,981,1,1,95,2,13
0.766009852,0,0,311,406,1,1,11,0,9
0.91160221,0,0,165,181,1,1,85,0,13
0.975206612,0,10,354,363,1,0,40,0,11
1.402739726,0,67,512,365,1,1,12,2,12
0.843915344,0,48,319,378,1,1,41,0,13
1.033826638,0,8,489,473,1,0,86,4,9
0.93970894,0,0,452,481,1,1,82,0,6
0.940909091,0,14,414,440,1,0,71,0,9
2.94982699,0,25,1705,578,1,0,6,2,14
0.917241379,1,0,133,145,1,0,4,0,15
0.781468531,0,83,447,572,1,1,120,0,15
0.338983051,0,3,40,118,0,0,4,0,13
0.957264957,0,13,224,234,1,1,7,0,10
0.742125984,0,0,377,508,1,1,25,0,10
0.091699605,0,75,116,1265,1,0,3,0,18
0.010869565,1,0,5,460,1,1,1,1,7
0.442073171,0,0,290,656,1,1,50,0,11
0.261121857,0,44,135,517,1,0,4,4,11
0.603448276,0,0,105,174,1,1,0,0,11
0.066666667,0,0,1,15,1,1,0,0,10
0.060670949,1,130,85,1401,1,0,9,3,16
0.969359331,0,0,348,359,1,1,21,0,10
0.568027211,0,0,167,294,1,1,37,0,14
3.47008547,0,35,1218,351,1,0,15,0,10
0.63559322,0,52,450,708,1,1,58,0,10
0.642470206,0,13,593,923,1,1,34,0,9
0.012906557,1,0,25,1937,1,1,0,0,10
0.964285714,0,34,270,280,1,1,52,0,11
0.92,0,24,207,225,1,1,6,0,10
1,0,8,230,230,1,1,2,0,12
0.288855193,0,144,381,1319,1,1,102,0,11
0.280044101,0,0,254,907,1,1,34,0,13
0.66374269,0,49,227,342,1,1,128,0,9
0.431754875,0,73,155,359,1,1,71,0,8
1.431818182,0,0,126,88,1,0,2,0,9
1.006711409,0,77,150,149,1,0,22,0,13
0.416893733,0,9,153,367,1,0,72,0,13
1.106129918,0,38,1209,1093,1,0,289,0,8
1.172011662,0,98,402,343,1,1,1058,0,10
0.046004843,1,50,228,4956,1,1,1,3,9
0.501785714,0,32,281,560,1,1,396,0,10
0.007764836,1,0,14,1803,1,0,0,0,11
0.985185185,0,20,133,135,1,1,4,0,10
1.028397566,0,59,507,493,1,1,25,0,12
0.889867841,0,9,404,454,1,1,26,0,11
0.849785408,0,0,198,233,1,1,28,0,15
1.121069182,0,3,713,636,1,1,118,0,13
0.990022173,0,30,893,902,1,1,87,0,14
0.01910828,1,0,3,157,0,1,0,4,9
0.060150376,1,0,16,266,0,0,0,2,14
0.707317073,1,0,29,41,0,1,0,0,9
16.8,0,0,168,10,1,0,0,0,5
1.942713568,0,0,1933,995,1,1,107,0,11
0.010912698,1,12,11,1008,1,0,1,0,12
0.602739726,0,34,88,146,1,0,6,0,8
0.156325301,0,0,1038,6640,1,0,156,0,12
0,1,0,0,3,0,0,0,3,10
0.921348315,0,0,246,267,1,1,55,0,15
2.090909091,0,21,46,22,1,0,4,0,18
0.72027972,0,0,103,143,1,1,20,1,11
0.696428571,0,0,273,392,1,1,5,0,11
0.02244898,1,0,33,1470,1,1,2,4,13
0.489051095,0,7,603,1233,1,1,588,0,7
0.943870015,0,17,639,677,1,1,125,0,9
1.028846154,0,0,214,208,1,1,9,0,12
0.966437177,0,130,1123,1162,1,1,428,0,12
1.011627907,0,0,174,172,1,1,1,0,10
0.612173913,0,6,352,575,1,1,88,0,13
0.821596244,0,30,350,426,1,1,24,0,12
0.865900383,0,0,226,261,1,1,20,0,13
0.61875,0,22,297,480,1,1,25,2,9
1.281959379,0,0,1073,837,1,1,49,0,14
0.896226415,0,0,95,106,1,1,0,0,7
0.978294574,0,22,631,645,1,1,56,0,8
0.990723562,1,11,534,539,1,0,0,0,11
0.877862595,0,0,345,393,1,1,2,0,8
0.749625187,0,0,500,667,1,1,150,0,11
1.104330709,0,45,561,508,1,0,114,0,9
0.847058824,0,135,576,680,1,1,187,0,11
0.050218341,1,9,69,1374,1,1,0,1,7
0.183823529,1,0,25,136,0,1,0,2,8
0.956521739,0,32,462,483,1,1,31,0,12
1.003095975,0,0,324,323,1,1,114,0,10
0.03858307,1,111,232,6013,1,0,1,1,20
0.7125,0,17,228,320,1,1,20,0,11
0.679900744,0,30,274,403,1,1,122,0,10
3.262295082,0,73,199,61,1,0,1,0,12
0,1,138,0,25,1,0,6,0,10
0.678610206,0,0,625,921,1,1,91,0,7
1.070763501,0,27,575,537,1,1,44,0,14
1.401937046,0,36,579,413,1,0,221,0,11
0.164285714,0,57,23,140,1,0,0,0,10
0.421836228,0,0,340,806,1,0,18,0,13
0.849358974,0,93,265,312,1,1,53,0,9
0.333333333,0,0,21,63,1,0,1,4,14
0.016541353,1,0,22,1330,1,0,0,3,10
0.757709251,0,51,172,227,1,0,10,0,10
1.00814664,0,40,495,491,1,1,12,2,11
1.867256637,0,50,1266,678,1,0,1,0,13
1.002683363,0,150,1121,1118,1,1,615,0,10
0.716049383,0,39,116,162,1,1,11,0,11
1.047727273,0,25,461,440,1,1,115,0,10
0.967479675,0,65,357,369,1,1,6,0,11
0.089541547,1,15,125,1396,1,1,0,2,12
0.885844749,0,14,194,219,1,1,33,0,15
1.439102564,0,150,898,624,1,1,141,0,15
1.029585799,0,15,348,338,1,1,15,0,6
0.001013685,1,13,2,1973,0,1,0,1,11
0.178743961,1,0,37,207,0,0,0,0,15
0.834437086,0,0,630,755,1,1,125,0,10
0.428571429,0,0,12,28,1,1,1,4,14
1.623885918,0,29,911,561,1,0,211,0,13
1.263157895,0,130,816,646,1,0,9,1,15
1.138627187,0,22,846,743,1,0,38,0,12
1.089403974,0,8,658,604,1,1,27,0,7
1.003064351,0,0,982,979,1,0,266,0,13
0.330341113,0,16,368,1114,1,0,69,0,8
0.066346443,1,0,442,6662,1,0,396,0,11
0.591194969,0,19,376,636,1,1,60,0,7
0.832962138,0,0,374,449,1,1,26,0,12
1.111688312,0,50,428,385,1,1,18,0,14
0.551724138,0,0,96,174,0,1,1,0,15
0.953038674,0,0,345,362,1,1,56,0,11
1.095959596,0,3,217,198,1,1,0,0,17
0.785714286,0,0,66,84,1,1,1,0,10
1.129533679,0,0,872,772,1,0,174,0,11
0.210758377,0,145,239,1134,1,0,9,0,19
0.307228916,1,0,102,332,0,0,0,1,7
0.867768595,0,26,315,363,1,0,0,0,8
0.883161512,0,139,257,291,1,1,19,2,10
0.013548723,1,0,26,1919,0,0,0,0,12
0.994475138,0,0,540,543,1,1,73,0,12
0.008252063,1,0,22,2666,0,1,0,2,9
1.112903226,0,10,138,124,1,1,2,0,13
0.429752066,0,0,52,121,1,1,30,0,9
0.481707317,0,0,237,492,1,1,21,4,10
0.006243496,1,0,6,961,1,0,0,5,8
0.144736842,1,0,11,76,0,0,0,2,13
0.872807018,0,0,199,228,1,1,12,0,8
0.609813084,0,139,522,856,1,0,216,0,11
0.007017544,1,0,12,1710,1,0,1,3,13
0.732899023,0,0,225,307,1,1,74,0,8
0.102232667,1,53,87,851,1,0,0,0,8
0.364273205,0,0,208,571,1,0,11,0,8
1.104046243,0,23,382,346,1,1,38,0,7
0.907637655,0,32,511,563,1,0,16,0,15
0.991304348,0,24,114,115,1,1,21,0,6
0.983713355,0,7,302,307,1,1,80,0,15
0.895734597,0,21,378,422,1,1,31,0,12
0.415816327,0,6,326,784,1,1,27,0,12
0.034482759,1,0,24,696,0,1,0,0,9
0.456359102,0,0,183,401,1,1,9,0,20
1.048076923,0,22,109,104,1,0,20,0,13
0.5859375,0,98,150,256,1,1,28,0,15
1.058823529,0,0,522,493,1,1,43,0,11
0.086455331,0,149,30,347,1,0,1,2,9
0.314923619,0,0,804,2553,1,0,25,5,18
0.877155172,0,70,407,464,1,1,579,0,7
0.06918239,1,0,11,159,0,0,1,3,14
1.148809524,0,27,579,504,1,1,35,0,11
0.628742515,0,0,105,167,1,1,0,0,7
0.699443414,0,76,377,539,1,0,40,0,11
0.4375,0,0,70,160,1,1,4,0,5
1.299079755,0,6,847,652,1,0,83,0,7
0.07860262,1,0,324,4122,1,0,0,4,15
0.787234043,0,53,740,940,1,1,483,0,9
0.700218818,0,14,320,457,1,0,1,0,8
0.329365079,0,0,83,252,1,1,40,0,12
0.128530259,1,0,223,1735,1,0,6,2,9
0.877777778,0,0,79,90,1,1,0,0,7
1.027624309,0,36,372,362,1,1,13,0,7
1,0,22,298,298,1,1,25,0,12
0.570422535,0,0,81,142,1,1,8,2,7
0.71875,0,54,115,160,1,1,61,0,9
0.875685558,0,59,479,547,1,1,80,0,10
1.004975124,0,0,202,201,1,1,21,0,9
1.25,0,0,1035,828,1,0,24,0,10
0.455648926,0,0,488,1071,1,1,53,0,7
0.087880936,1,85,124,1411,1,1,0,0,13
0.91206544,0,29,446,489,1,1,46,0,10
1.006329114,0,16,636,632,1,0,111,0,5
1.495412844,0,0,163,109,1,1,36,2,12
0.524630542,0,0,213,406,1,1,169,0,6
1.317157712,0,20,760,577,1,0,15,0,9
1.011811024,0,76,257,254,1,1,26,0,7
0.547738693,0,26,545,995,1,1,340,0,8
0.004410143,1,16,12,2721,1,1,1,0,13
0,1,0,0,194,1,1,0,0,9
0.754854369,0,0,311,412,0,1,3,0,13
3.858778626,0,100,1011,262,1,0,132,0,17
0.495088409,0,0,252,509,1,1,28,0,11
1.022883295,0,1,894,874,1,1,414,2,11
0.927756654,0,0,244,263,1,1,82,0,11
1.183098592,0,0,588,497,1,1,13,0,12
1.136507937,0,26,358,315,1,1,33,0,6
0.108695652,0,105,5,46,1,0,7,0,15
0.707792208,0,0,109,154,1,1,0,0,14
0.986607143,0,0,221,224,1,0,39,0,14
0.906666667,0,0,68,75,1,0,17,0,15
0.366013072,0,28,56,153,1,1,36,3,13
1.056451613,0,25,393,372,1,0,7,0,9
0.492424242,0,27,195,396,1,1,31,0,14
1.24522293,0,3,391,314,1,0,17,0,12
0.718855219,0,7,427,594,1,1,37,0,9
0.008714597,1,0,12,1377,0,0,0,5,15
0.51811289,0,1,615,1187,1,1,984,0,13
0.658571429,0,0,461,700,1,1,475,0,7
0.526315789,0,0,160,304,1,1,5,0,10
0.031914894,1,24,30,940,1,0,3,0,10
0.836990596,0,19,267,319,1,1,15,0,16
1.255102041,0,0,861,686,1,0,323,0,9
0.852579853,0,66,347,407,1,1,11,0,17
0.783919598,0,42,156,199,1,0,2,0,11
0,1,14,0,174,1,1,0,1,9
0,1,0,0,848,0,1,0,4,9
0.887179487,0,4,173,195,1,1,0,0,14
0.979057592,0,24,187,191,1,0,45,0,15
1.111782477,0,0,736,662,1,0,312,0,7
0.459677419,0,0,114,248,1,0,49,0,14
1.15503876,0,12,447,387,1,1,31,0,12
0.007874016,1,0,1,127,1,1,0,0,10
0.692405063,0,0,547,790,1,0,17,0,8
0.440860215,0,0,41,93,1,1,1,0,9
1.03030303,0,9,476,462,1,1,75,0,13
1.174025974,0,49,452,385,1,0,172,0,6
0.00923662,1,36,34,3681,1,0,1,0,9
0.194592536,0,140,1022,5252,1,0,2,3,10
0.75,0,38,390,520,1,1,78,0,10
1.466744457,0,14,1257,857,1,0,228,0,11
1.163934426,0,110,1136,976,1,1,188,0,10
0.864,0,1,108,125,1,1,16,0,13
1.003731343,0,0,269,268,1,1,23,0,8
0,1,0,0,140,1,1,0,2,7
0.890585242,0,26,350,393,1,1,19,0,8
0.221198157,0,0,144,651,1,1,8,0,11
0.770491803,0,57,47,61,1,0,7,0,15
0.010338886,1,0,18,1741,0,0,0,0,11
0.785714286,0,0,22,28,0,1,0,0,15
0.666666667,0,0,32,48,1,0,4,0,17
0.694852941,0,0,189,272,1,1,8,0,12
0.405209841,0,7,280,691,1,0,8,0,16
0.003546099,1,0,1,282,0,1,0,0,15
0.887179487,0,14,346,390,1,1,8,0,9
0.67539267,0,0,516,764,1,1,217,0,10
1.046610169,0,1,247,236,1,1,12,0,12
0.930167598,0,35,333,358,1,1,23,0,18
1.27458256,0,18,687,539,1,0,78,0,9
0.466942149,0,0,113,242,1,1,95,0,10
0.857644991,0,0,488,569,1,1,34,0,9
0.980033278,0,58,589,601,1,1,58,0,13
0.744985673,0,0,260,349,1,0,26,0,12
1.014613779,0,20,486,479,1,1,38,0,15
1.056122449,0,0,207,196,1,1,7,0,11
0.602023609,0,0,357,593,1,1,20,0,9
0.515850144,0,0,179,347,1,0,25,2,5
1.881849315,0,0,1099,584,1,1,124,0,11
0.015616586,1,19,29,1857,1,0,1,3,8
0.997920998,0,0,480,481,1,1,72,0,11
0.976653696,0,0,251,257,1,1,24,0,15
1.053658537,0,25,432,410,1,1,26,0,10
0.687782805,0,0,152,221,1,0,117,0,11
0.002642008,1,0,2,757,1,0,0,3,13
0.653979239,0,9,378,578,1,1,61,0,7
0.746543779,0,18,486,651,1,1,227,0,7
0.982698962,0,8,284,289,1,1,31,0,10
0.018091079,1,89,29,1603,1,0,2,0,11
0,1,92,0,1,1,0,9,1,15
0.011752938,1,129,47,3999,1,1,0,0,12
0.112038141,1,0,282,2517,1,0,5,2,11
0.076271186,1,0,27,354,1,1,0,4,10
1.2,0,0,222,185,1,1,22,0,6
0.504545455,0,105,222,440,1,0,5,3,14
0.534836066,0,0,261,488,1,1,3,0,11
0.631027254,0,20,301,477,1,1,6,0,12
1.058679707,0,31,433,409,1,0,3,0,12
0.155251142,1,0,34,219,0,0,2,0,20
0.305375074,0,67,517,1693,1,0,6,4,12
0.895833333,0,0,43,48,1,1,13,4,10
0.004695996,1,0,19,4046,1,0,1,5,19
0.808752026,0,14,499,617,1,1,56,0,12
0.240506329,0,0,38,158,0,1,1,0,14
2.290322581,1,57,71,31,1,0,3,1,11
0.990797546,0,28,323,326,1,1,8,0,9
1.048449612,0,134,541,516,1,0,84,0,8
0.832142857,0,0,233,280,1,0,23,0,7
0.545643154,0,30,263,482,1,1,29,0,8
0.325071497,0,33,341,1049,1,1,176,0,8
0.851996105,0,24,875,1027,1,0,2,0,17
0.022346369,1,0,4,179,1,0,1,0,17
1.016620499,0,0,367,361,1,1,98,0,9
0.945330296,0,0,415,439,1,1,13,0,11
1.290178571,0,59,289,224,1,1,10,0,16
1.241666667,0,41,894,720,1,0,80,0,11
0.634146341,0,0,260,410,1,1,3,0,7
0.012950223,1,0,32,2471,0,0,0,3,13
1.036585366,0,0,255,246,1,1,12,0,12
1.037344398,0,103,1500,1446,1,1,132,0,14
0.506951872,0,72,474,935,1,1,273,0,8
0.804878049,0,6,165,205,1,0,0,0,8
0.910761155,0,6,347,381,1,1,66,0,9
0.994652406,0,0,372,374,1,1,46,0,14
0.809364548,0,39,242,299,1,1,23,0,11
0.712184874,0,56,339,476,1,1,33,0,8
0.902097902,0,24,258,286,1,1,5,0,9
1.070580014,0,57,1532,1431,1,1,313,0,11
1.072580645,0,33,266,248,1,0,12,0,11
0.860411899,0,116,376,437,1,1,33,0,9
0.854901961,0,0,218,255,1,1,2,0,9
1.619047619,0,0,204,126,1,0,393,0,14
0.883895131,0,0,472,534,1,1,27,0,7
0.005174644,1,0,12,2319,0,0,0,3,10
0.833876221,0,6,256,307,1,1,12,0,11
0.890985325,0,4,425,477,1,1,137,0,11
1.219827586,0,32,566,464,1,1,65,0,9
0.75739645,0,36,256,338,1,1,39,0,10
0.698224852,0,21,236,338,1,1,23,0,11
0.777011494,0,0,338,435,1,1,7,0,10
0.699170124,0,0,337,482,1,1,7,0,14
0.967592593,0,19,209,216,1,1,14,0,13
0.783919598,0,42,156,199,1,0,2,0,11
0.915789474,0,24,87,95,1,1,11,0,17
0.053110117,1,0,368,6929,1,0,2,0,7
0.677419355,0,0,462,682,1,1,94,0,10
0.073085032,1,53,104,1423,0,0,0,0,13
0.930051813,0,0,359,386,1,1,397,0,15
0.653243848,0,0,292,447,1,1,47,0,10
1.723127036,0,23,1058,614,1,0,52,0,12
0.991091314,0,0,445,449,1,0,60,0,16
0.995184591,0,0,620,623,1,1,161,0,9
1.224862888,0,52,670,547,1,1,68,0,12
0.947826087,0,0,109,115,1,1,0,0,18
1.068014706,0,6,581,544,1,1,58,0,11
0.603375527,0,0,143,237,1,0,3,0,12
5.868821293,0,132,3087,526,1,0,32,0,22
0.777202073,0,103,450,579,1,1,67,0,9
0.658311346,0,0,499,758,1,1,23,2,13
0.921944035,0,48,626,679,1,1,58,0,12
0.920110193,0,0,1002,1089,1,1,582,0,10
0.178272981,1,0,64,359,1,0,6,0,7
0.957639939,0,19,633,661,1,1,31,0,10
0.390095569,0,0,449,1151,0,1,84,0,9
0.552821997,0,0,382,691,1,1,300,0,6
0.013709362,1,0,35,2553,1,0,1,0,21
0.848812095,0,0,393,463,1,1,165,0,8
0.896825397,0,61,339,378,1,1,1,0,15
1.014056225,0,0,505,498,1,0,64,0,9
0.688741722,0,33,312,453,1,1,47,0,9
1.01984127,0,0,257,252,1,0,25,0,12
0.005656109,1,0,10,1768,0,0,0,4,14
0.95584989,0,0,433,453,1,1,52,0,10
0.778210117,0,20,200,257,1,1,3,0,11
0.962809917,0,43,233,242,1,1,9,0,14
0.553703704,0,0,299,540,1,1,112,0,12
0.178082192,0,56,13,73,1,1,8,0,12
1.156097561,0,74,474,410,1,1,33,0,14
0.958333333,0,0,161,168,1,1,59,0,8
0.921832884,0,43,342,371,1,1,15,0,11
0.081081081,1,14,39,481,1,0,2,0,19
0.964336662,0,0,676,701,1,1,249,0,11
0.883161512,0,139,257,291,1,1,19,2,10
0.803571429,0,0,180,224,1,1,3,2,8
1.007936508,0,9,508,504,1,1,74,0,5
0.919037199,0,21,420,457,1,0,127,0,10
0.653846154,0,9,51,78,1,1,0,0,10
0.659060403,0,0,491,745,1,1,373,3,16
1.090361446,0,0,362,332,1,0,38,0,14
1.292035398,0,32,438,339,1,1,12,0,13
1.215725806,0,57,603,496,1,1,100,0,13
1.035019455,0,44,266,257,1,1,105,0,11
0.697841727,0,0,194,278,1,1,3,1,11
0.76119403,0,0,561,737,1,1,66,0,9
0.794642857,0,0,89,112,1,1,3,2,12
1.456140351,0,0,249,171,1,1,56,0,8
0.504484305,0,0,225,446,1,0,53,0,11
0.022621022,1,1,150,6631,1,1,0,3,8
0.739805825,0,43,381,515,1,1,67,0,12
1.614906832,0,0,260,161,1,1,2,0,10
0,1,0,0,6,0,1,0,7,11
0.056761987,1,0,264,4651,1,0,0,0,14
1.003460208,0,0,290,289,1,1,76,0,9
0.338649156,0,0,361,1066,1,1,308,0,12
0.926605505,0,0,101,109,1,1,2,3,17
0,1,0,0,0,0,0,0,4,10
1.104504505,0,27,613,555,1,1,121,0,11
0.640271493,0,6,283,442,1,1,36,0,8
0.209388972,0,60,281,1342,1,0,327,5,9
0.003308129,1,0,7,2116,0,0,0,2,12
0.367123288,0,7,134,365,1,1,59,0,11
0.458426966,0,118,204,445,1,1,92,0,8
1.030612245,0,25,404,392,1,1,23,0,14
1.084033613,0,0,258,238,1,0,0,0,10
0.951807229,0,0,237,249,1,1,36,0,11
1.075993092,0,146,623,579,1,0,83,0,14
1.750242954,0,0,1801,1029,1,0,123,0,8
0.596795728,0,0,447,749,1,1,185,0,14
0.959107807,0,10,516,538,1,1,20,0,14
0.882352941,0,0,210,238,1,0,1,0,10
1.010606061,0,0,667,660,1,1,20,0,7
0.150306748,0,0,49,326,1,0,7,0,14
1.253638254,0,0,1206,962,1,1,141,0,11
0.755980861,0,0,158,209,1,1,5,0,7
1.024566474,0,0,709,692,1,1,76,0,17
0.157349896,0,0,152,966,1,0,6,0,9
1.210526316,0,5,460,380,1,1,67,0,12
0.863849765,0,1,552,639,1,1,184,0,10
0.751004016,0,11,748,996,1,1,44,0,13
0.808795411,0,0,423,523,1,1,114,0,11
0.907608696,0,33,167,184,1,1,10,2,10
0.176587302,0,82,801,4536,1,0,9,3,15
0.7425,0,28,594,800,1,1,21,0,12
0.894333844,0,34,584,653,1,1,88,0,9
1.034482759,0,47,60,58,1,0,6,0,13
0.83933518,0,44,606,722,1,1,56,0,9
0.441441441,1,0,49,111,0,1,0,5,10
0.039473684,1,0,3,76,1,1,0,2,12
0.89516129,0,0,222,248,1,1,40,0,13
0.47826087,0,0,22,46,1,1,1,0,13
0.731617647,0,18,199,272,1,1,36,0,8
0.968253968,0,6,183,189,1,1,11,0,5
0.947368421,0,45,288,304,1,1,5,0,11
1.026217228,0,19,274,267,1,1,3,0,10
0.87654321,0,60,426,486,1,0,110,0,12
1,0,25,527,527,1,1,10,4,10
2.118110236,0,148,269,127,1,1,146,0,13
0.697478992,0,39,83,119,1,1,5,0,12
0.812,0,53,203,250,1,1,131,0,8
0.483050847,0,54,399,826,1,1,70,0,13
0.618020305,0,44,487,788,1,1,43,0,8
6.692307692,0,52,174,26,1,1,12,0,11
0.919191919,0,19,273,297,1,1,0,0,15
0.015436636,1,17,105,6802,1,0,0,0,6
0.815789474,0,11,217,266,1,1,13,0,13
1.049140049,0,45,427,407,1,1,124,0,8
0.019289908,1,0,69,3577,0,0,1,1,9
0.930091185,0,128,306,329,1,1,11,0,9
0.986702128,0,0,371,376,1,1,3,0,6
0.801742919,0,30,368,459,1,1,65,0,7
0.006428989,1,0,33,5133,1,0,2,8,13
1.039215686,0,51,318,306,1,0,13,0,11
0.978425027,0,64,907,927,1,1,36,0,14
1.255868545,0,13,535,426,1,0,60,0,12
6.330645161,0,63,3140,496,1,1,807,0,5
4.939495798,0,140,2939,595,1,0,43,0,13
0.027178602,1,0,63,2318,1,0,0,4,9
1.088135593,0,18,321,295,1,1,99,0,11
1.134020619,0,31,550,485,1,1,84,0,11
0.78164557,0,108,247,316,1,0,3,0,9
0.642458101,0,0,230,358,1,0,26,0,10
1.180746562,0,33,601,509,1,1,223,0,10
1,0,8,318,318,1,1,9,0,10
1.252747253,0,37,570,455,1,1,120,0,10
0.18089725,0,15,125,691,1,0,3,3,14
0.130841121,1,0,14,107,1,0,1,1,10
0.270491803,1,34,66,244,0,0,0,0,11
0.849699399,0,50,424,499,1,1,38,0,7
0.987522282,0,0,554,561,1,1,325,0,12
1.213235294,0,14,330,272,1,1,103,0,10
1.483009709,0,139,611,412,1,1,12,0,13
0.980392157,0,0,200,204,1,1,60,2,16
0.954545455,0,0,210,220,1,1,1,0,10
0.857954545,0,24,453,528,1,1,75,0,15
0.947655894,0,94,2082,2197,1,0,875,0,7
0.906382979,0,42,213,235,1,1,32,1,13
0.889046942,0,48,625,703,1,1,34,0,8
1.09561753,0,19,550,502,1,1,108,0,13
1.199105145,0,33,536,447,1,1,79,0,9
0.105637513,1,0,401,3796,0,0,0,3,10
1.324137931,0,0,192,145,1,1,37,0,10
0.572207084,0,0,210,367,1,1,114,0,8
0.516224189,0,10,525,1017,1,1,41,0,13
3.721753794,0,47,2207,593,1,0,198,0,15
0.87654321,0,60,426,486,1,0,110,0,12
1.198369565,0,25,441,368,1,1,30,0,8
0.811507937,0,32,409,504,1,1,3,0,20
0.456810631,0,43,275,602,1,1,25,0,8
1.083870968,0,0,504,465,1,1,74,2,11
0.87890625,0,0,225,256,1,1,1,0,10
0.996226415,0,34,264,265,1,1,4,0,10
0.986425339,0,10,218,221,1,1,8,0,15
0.920980926,0,2,338,367,1,1,37,0,13
1.07826087,0,0,124,115,1,0,143,0,6
0.931818182,0,0,369,396,1,1,5,0,12
0.433002481,0,125,349,806,1,1,66,0,10
0.82745098,0,23,211,255,1,1,27,4,10
0.997596154,0,67,415,416,1,1,45,0,9
0.736579276,0,43,590,801,1,0,76,2,13
0.970149254,0,79,65,67,1,0,116,0,8
0.005795574,1,37,11,1898,1,1,0,2,9
1.054545455,0,0,174,165,1,1,76,1,9
0.972727273,0,32,321,330,1,1,8,0,6
1.219858156,0,0,172,141,1,0,62,0,9
1.119628339,0,29,964,861,1,1,9,0,8
1.121562952,0,25,775,691,1,1,26,0,6
0.888252149,0,0,310,349,1,1,25,0,14
1.06547619,0,0,358,336,1,0,9,0,13
0.886731392,0,0,274,309,1,1,2,0,12
0.849372385,0,0,406,478,1,1,76,0,12
0.037593985,1,0,15,399,0,0,0,3,12
1.180645161,0,0,183,155,1,0,1,0,10
0.976821192,0,11,295,302,1,1,2,0,11
0.812652068,0,40,334,411,1,0,21,0,16
0.137142857,0,110,312,2275,1,0,5,0,12
0.011391375,1,0,14,1229,0,1,4,0,14
0.885964912,0,14,101,114,1,1,4,0,15
1.055555556,0,0,95,90,1,1,4,2,14
1.032608696,0,0,190,184,1,1,2,0,11
0.97311828,0,0,181,186,1,1,8,0,11
1.013089005,0,43,387,382,1,1,69,0,8
0.884020619,0,0,343,388,1,1,67,0,5
0.857446809,0,23,403,470,1,1,47,0,10
0,1,0,0,434,0,1,0,0,12
1.034300792,0,21,392,379,1,0,8,0,13
1.428571429,0,25,120,84,1,1,48,0,13
1.188715953,0,94,611,514,1,0,36,0,12
0.897033159,0,19,514,573,1,0,216,2,15
1.708791209,1,26,622,364,0,0,2,0,9
0.436123348,0,0,99,227,1,1,117,0,17
0.897550111,0,8,403,449,1,1,204,0,12
0.713747646,0,27,379,531,1,1,52,0,11
0.009588494,1,0,24,2503,1,0,1,4,9
0,1,0,0,577,0,1,0,0,14
0.633928571,0,0,142,224,1,0,8,0,7
0.743589744,0,0,319,429,1,1,68,0,7
0.827922078,0,0,255,308,1,1,80,0,11
0.504484305,0,0,225,446,1,0,53,0,11
0.857938719,0,0,616,718,1,1,35,0,12
1.724832215,0,33,257,149,1,0,39,0,7
1,0,46,319,319,1,1,138,0,11
0.035087719,1,0,2,57,0,0,0,2,10
0.669338677,0,34,334,499,1,1,30,0,12
1.325779037,0,35,936,706,1,1,61,1,16
1.27458256,0,18,687,539,1,0,78,0,9
0.841004184,0,56,402,478,1,1,22,0,14
0.797530864,0,0,323,405,1,1,69,0,10
1.392156863,0,19,213,153,1,1,209,0,8
0.728132388,0,0,308,423,1,1,101,2,14
1.67870225,1,0,3208,1911,0,0,0,5,15
0.890772128,0,24,473,531,1,1,19,0,10
0.011270048,1,0,52,4614,1,0,0,0,14
1.092198582,0,37,616,564,1,0,26,0,10
1.026315789,0,41,468,456,1,1,12,0,6
0.847009736,0,89,609,719,1,0,37,0,11
0.888743455,0,23,679,764,1,1,39,0,11
0.774052478,0,0,531,686,1,1,41,0,9
0.373015873,0,0,188,504,1,1,3,0,9
0.740963855,0,42,615,830,1,1,108,0,15
0.870833333,0,0,209,240,1,0,0,0,6
1.011976048,0,19,338,334,1,1,30,0,13
0.108843537,1,0,816,7497,1,0,85,3,15
0.364273205,0,0,208,571,1,0,11,0,8
1.01244168,0,39,651,643,1,1,171,0,15
0.282878412,0,13,228,806,1,1,0,0,13
1.321989529,0,9,505,382,1,1,4,0,11
0.744186047,0,34,256,344,1,1,53,0,12
0.000553403,1,0,1,1807,0,1,0,2,12
0.919786096,0,1,172,187,1,1,7,0,10
1.675702811,0,127,1669,996,1,1,107,2,13
1.133333333,0,0,272,240,1,0,147,0,13
0.886446886,0,0,242,273,1,1,206,0,13
0.017964072,1,10,36,2004,0,1,6,2,13
0.061583578,1,0,147,2387,1,0,0,2,10
0.749601276,0,61,470,627,1,1,7,0,8
1.01951952,0,115,679,666,1,1,54,0,7
0.679558011,0,0,492,724,1,1,71,0,14
0.992924528,0,15,421,424,1,1,124,0,6
0.737827715,0,13,197,267,1,1,8,0,12
0.615625,0,0,197,320,1,1,9,0,10
0.314070352,0,97,250,796,1,0,9,0,20
0.974160207,0,0,377,387,1,1,33,0,13
0.022198732,1,0,21,946,1,0,1,1,10
0.595717884,0,0,473,794,1,1,4,0,8
0.966942149,0,4,234,242,1,1,11,0,11
0.491349481,0,0,142,289,1,0,7,0,12
1.0625,0,0,51,48,1,1,43,0,8
0.527522936,0,0,230,436,1,1,36,0,14
0.521452145,0,51,158,303,1,0,2,2,11
0.991477273,0,15,349,352,1,1,44,4,21
0.950980392,0,115,485,510,1,1,24,0,13
0.76,0,38,380,500,1,1,19,0,9
0.840449438,0,0,374,445,1,1,104,0,7
1.089552239,0,31,146,134,1,1,36,0,10
0.668797954,0,9,523,782,1,1,471,0,5
0.383908046,0,0,334,870,1,1,28,0,13
0.813229572,0,10,209,257,1,1,52,0,12
0.988679245,0,19,262,265,1,1,22,0,11
0.900662252,0,31,272,302,1,1,1,0,7
2.371335505,0,0,728,307,1,0,50,0,5
0.019607843,1,23,49,2499,1,0,1,4,17
0.487804878,0,78,240,492,1,1,12,0,13
1.095121951,0,19,449,410,1,1,19,0,8
0.909090909,0,0,350,385,1,1,63,0,8
0.875,0,0,196,224,1,0,0,0,10
0.956072351,0,21,370,387,1,1,22,0,7
0.613733906,0,0,143,233,1,1,1,0,13
0.330827068,1,0,88,266,1,0,1,0,9
1.012145749,0,31,250,247,1,0,4,0,7
0.086633663,0,0,70,808,1,0,6,1,9
0.582137161,0,12,365,627,1,0,107,0,7
1.240740741,0,2,804,648,1,1,29,0,13
0.374321881,0,0,207,553,1,0,9,2,11
0.88449848,0,0,582,658,1,1,80,0,11
0.442340792,0,96,771,1743,1,1,118,0,15
1.004975124,0,0,202,201,1,1,21,0,9
0.737681159,0,0,509,690,1,1,15,0,10
1.195652174,0,66,715,598,1,0,210,0,7
0.63960396,0,0,323,505,1,1,0,1,13
0.946745562,0,9,160,169,1,1,8,0,10
0.85467128,0,35,247,289,1,1,70,0,14
0.599455041,0,0,220,367,1,1,10,0,12
1.047619048,0,22,154,147,1,0,5,0,14
0.189418989,0,0,401,2117,1,0,3,1,10
0.860927152,0,15,520,604,1,0,732,0,9
0.685305592,0,25,1054,1538,1,0,445,0,6
0.95618839,0,66,873,913,1,1,52,1,15
0.997084548,0,50,342,343,1,1,56,2,6
0.486111111,0,0,140,288,1,0,5,0,13
0.842285714,0,87,737,875,1,0,53,0,10
0.219414894,1,0,165,752,0,1,0,3,8
0.257128564,1,27,514,1999,1,0,0,0,6
0.830721003,0,21,265,319,1,1,58,0,11
1.006329114,0,0,477,474,0,1,0,0,9
1.048327138,0,0,564,538,1,1,71,0,13
0.783057851,0,0,379,484,1,1,130,0,10
1.077419355,0,18,501,465,1,1,4,0,10
0.005644934,1,0,20,3543,0,0,0,1,11
0.443396226,1,0,47,106,0,0,0,3,11
0.782988004,0,84,718,917,1,1,86,2,12
0.032629825,1,0,235,7202,1,1,1,2,14
0.56187291,0,0,336,598,1,1,223,0,8
0.84083045,0,0,486,578,1,0,3,4,17
0.593291405,0,0,283,477,1,1,5,2,8
0.936585366,0,0,384,410,1,1,48,1,13
0.904347826,0,0,416,460,1,1,104,0,10
0.719211823,0,7,146,203,1,1,4,0,6
0.006197432,1,0,28,4518,1,0,1,2,6
1.119751166,0,16,720,643,1,1,93,0,13
0.071237756,1,0,160,2246,1,0,1,3,10
0.79296875,0,0,203,256,1,1,1,0,7
0.74801061,0,37,282,377,1,1,9,0,12
0.6875,0,0,176,256,1,1,1,0,12
0.081421865,1,20,607,7455,0,1,0,0,9
0.947040498,0,32,304,321,1,1,23,0,11
0.005491762,1,0,22,4006,0,0,0,0,8
1.503816794,0,3,197,131,0,0,1,0,12
0.780580076,0,98,619,793,1,1,272,0,7
0.797421731,0,1,433,543,1,1,288,0,12
0.6069869,0,42,278,458,1,1,85,0,14
0.448626045,0,0,2253,5022,1,0,172,7,15
0.568852459,0,44,347,610,1,1,14,2,14
0.882211538,0,41,367,416,1,1,111,0,7
0.610044313,0,0,413,677,1,1,38,0,15
0.863468635,0,0,1170,1355,1,1,491,0,14
0.062819726,1,3,307,4887,1,0,3,0,22
0.016532341,1,10,80,4839,1,0,5,0,8
1.003095975,0,0,324,323,1,1,114,0,10
0.88209607,0,0,404,458,1,1,240,0,10
0.784090909,0,0,276,352,1,1,69,0,8
1.186746988,0,24,788,664,1,0,383,0,11
0.004871568,1,0,11,2258,1,0,3,0,18
0.455149502,1,0,959,2107,1,0,3,0,8
0.895013123,0,11,682,762,1,1,114,0,7
0.929394813,0,0,645,694,1,1,69,0,12
1.013363029,0,18,455,449,1,1,32,0,12
0.90166205,0,51,651,722,1,1,136,0,12
1.141666667,0,0,548,480,1,1,98,0,7
0.986928105,0,27,302,306,1,1,37,0,11
1.002178649,0,41,460,459,1,1,23,0,12
0.411538462,0,0,107,260,1,1,0,0,13
0.827319588,0,85,642,776,1,1,236,4,15
0.857894737,0,40,489,570,1,1,367,0,11
1.052547771,0,63,661,628,1,1,29,0,8
0.899621212,0,0,475,528,1,1,29,0,7
1.061099796,0,10,521,491,1,1,69,0,14
0.157342657,0,0,360,2288,1,0,228,0,12
0.869266055,0,7,379,436,1,1,56,0,12
0.905579399,0,25,422,466,1,1,27,0,12
6.022346369,0,0,1078,179,1,0,131,2,15
0.79969651,0,24,527,659,1,0,109,0,10
0.775665399,0,49,204,263,1,0,24,0,9
0.024158885,1,0,163,6747,1,0,3,0,10
0.982839314,0,1,630,641,1,1,93,0,17
0.727272727,0,23,224,308,1,1,59,0,16
1.160633484,0,0,513,442,1,1,50,0,14
0.678362573,0,39,464,684,1,1,102,0,10
0.928571429,0,0,468,504,1,1,26,0,9
0.970509383,0,0,362,373,1,0,19,0,10
0.821969697,0,23,434,528,1,1,93,0,9
0.03816047,1,58,39,1022,0,0,0,3,30
1.252918288,0,0,322,257,1,0,3,0,12
0.764227642,0,0,94,123,0,1,0,0,12
0.498470948,0,146,326,654,1,1,155,0,8
0.737654321,0,106,239,324,1,1,29,0,10
0.085483871,1,4,53,620,1,1,1,0,8
0.866666667,0,0,104,120,1,1,12,0,9
0.215240642,0,0,322,1496,0,1,53,4,10
1.020715631,0,41,542,531,1,1,78,0,14
0.610738255,0,0,91,149,1,0,7,0,18
1,1,60,1,0,1,0,5,1,13
0.107331224,1,0,407,3792,1,0,1,3,9
0.767175573,0,3,402,524,1,1,79,0,8
0.004530011,1,0,4,883,1,0,0,1,7
1.252873563,0,57,436,348,1,0,33,0,11
1.117857143,0,0,313,280,1,0,13,0,15
0.905838041,0,16,481,531,1,1,9,0,12
1.103238866,0,22,545,494,1,1,22,0,15
1.015625,0,0,585,576,1,1,43,0,12
0.802325581,0,0,207,258,1,0,4,2,12
0.559105431,0,11,175,313,1,0,4,0,7
0.856548857,0,23,824,962,1,0,5,0,14
0.384615385,0,0,5,13,1,1,1,4,16
0.981865285,0,0,379,386,1,0,31,0,11
0.814814815,0,16,440,540,1,1,48,0,6
1.035812672,0,0,752,726,1,1,312,0,12
0.649503162,0,0,719,1107,1,1,227,0,13
1.141914191,0,14,346,303,1,0,16,0,11
0.775,0,51,341,440,1,1,9,0,14
0.501915709,0,0,262,522,1,0,11,2,11
0.675555556,0,0,304,450,1,1,271,0,8
0.004167907,1,0,14,3359,1,0,0,1,7
3.364864865,0,12,498,148,1,0,2,4,12
0.217355027,0,118,521,2397,1,0,9,2,17
0.997256516,0,0,727,729,1,1,31,0,11
0.871134021,0,34,507,582,1,1,99,0,11
0.876344086,0,0,163,186,1,1,0,0,8
0.380658436,0,7,185,486,1,1,0,0,9
0.986538462,0,49,513,520,1,0,37,0,10
0.004536617,1,0,14,3086,1,0,1,0,11
0.822525597,0,22,241,293,1,1,16,0,10
0.3556231,0,93,234,658,1,0,2,0,14
0.908062235,0,8,642,707,1,1,10,0,12
0.296296296,0,0,272,918,1,0,1,0,7
0.121883657,0,0,44,361,0,0,2,0,15
2.397097625,0,2,1817,758,1,1,115,0,14
0,1,0,0,2513,1,1,1,0,13
0.761658031,0,8,294,386,1,1,15,2,14
1.153961136,0,22,772,669,1,0,79,0,8
1.551607445,0,37,917,591,1,1,48,0,8
0.114035088,1,0,13,114,0,0,0,4,9
0.580487805,0,11,238,410,1,1,44,0,10
0.947368421,1,0,162,171,0,1,1,0,15
0.479041916,0,0,400,835,1,1,44,0,9
0.125,0,0,137,1096,1,0,5,0,12
0.005763689,1,0,14,2429,1,0,1,0,16
0.070876289,1,6,55,776,1,0,1,0,11
0.014652015,1,35,32,2184,1,0,2,2,18
1.057057057,0,14,352,333,1,1,38,0,11
0.818763326,0,42,384,469,1,1,71,0,11
1.25,0,0,5,4,1,0,0,2,13
0.781931464,0,48,251,321,1,1,42,0,12
0.076455696,1,0,151,1975,0,1,0,4,9
0.033149171,1,0,6,181,1,0,1,3,15
0.735483871,0,6,342,465,1,1,3,0,7
1.094488189,0,25,695,635,1,0,21,0,9
1.024242424,0,41,338,330,1,0,17,0,12
1.582857143,0,0,277,175,1,0,65,0,9
0.995169082,0,12,412,414,1,1,15,1,12
0.005186722,1,0,5,964,1,0,1,0,9
0.780580076,0,98,619,793,1,1,272,0,7
0.064935065,1,0,5,77,1,0,0,4,10
0.83745583,0,0,237,283,1,1,0,0,10
0.092896175,1,0,17,183,0,1,0,1,10
0.379032258,0,0,47,124,1,1,3,0,13
0.777777778,0,0,70,90,1,1,0,4,9
1.246808511,0,0,293,235,1,1,103,0,12
0.901926445,0,0,515,571,1,0,4,0,11
0.839506173,0,103,136,162,1,1,2,2,8
0.947204969,0,4,305,322,1,0,49,0,13
0.00474993,1,0,34,7158,0,0,0,1,10
1.195804196,0,35,342,286,1,1,18,0,13
0.800829876,0,32,386,482,1,1,48,0,7
0.721590909,0,22,254,352,1,1,94,0,15
1.038659794,0,0,403,388,1,1,23,0,11
0.876355748,0,0,404,461,1,0,1,0,15
0.878378378,0,10,260,296,1,0,2,0,7
1.833333333,0,16,77,42,1,0,5,0,16
0.435233161,0,0,252,579,1,1,0,0,14
0.886039886,0,0,311,351,1,0,63,0,11
0.813314038,0,18,562,691,1,1,21,0,12
0.858585859,0,0,510,594,1,1,25,0,11
0.604743083,0,0,153,253,1,1,8,0,12
0.620320856,0,0,116,187,1,1,0,0,12
0.128211783,1,0,494,3853,1,0,1,4,18
0.884133612,0,0,847,958,1,1,209,0,14
0.002587322,1,0,4,1546,0,0,0,0,11
0.347826087,1,0,8,23,0,0,0,0,10
0,1,108,0,0,1,0,6,2,10
1.257929883,0,35,1507,1198,1,1,175,0,13
0.469387755,0,3,92,196,1,1,5,0,12
0.819706499,0,15,1173,1431,1,0,3,0,10
1.049019608,0,18,321,306,1,1,102,0,9
0.781990521,0,40,330,422,1,1,799,0,11
0.014925373,1,0,1,67,0,1,0,0,8
1.202572347,0,0,374,311,1,1,23,0,10
0.196710075,0,10,287,1459,1,0,8,4,13
0.25253893,0,90,373,1477,1,0,25,0,14
0.946859903,0,0,196,207,1,1,27,0,7
0.104589114,0,0,98,937,1,0,8,0,15
0.990990991,0,133,550,555,1,1,234,0,16
0.689873418,0,16,218,316,1,1,438,0,10
0.677927928,0,81,301,444,1,1,60,0,6
0.585337915,0,1,511,873,1,1,502,0,11
1.020134228,0,32,304,298,1,1,1,4,17
0.814352574,0,88,522,641,1,0,171,0,7
0.92173913,0,0,106,115,1,1,8,0,8
0.868347339,0,23,310,357,1,1,44,0,10
1.155405405,0,11,684,592,1,1,49,0,11
1.557692308,0,0,81,52,1,1,4,0,15
1.282608696,0,0,118,92,1,1,3,0,8
3.464285714,0,68,291,84,1,0,5,1,11
0.569277108,0,0,189,332,1,1,5,0,16
0.762331839,0,33,510,669,1,1,31,0,11
0.612627986,0,48,359,586,1,1,8,0,12
0.256490135,0,78,247,963,1,0,30,0,10
0.994475138,0,0,540,543,1,1,73,0,12
0.547667343,0,0,270,493,1,0,0,0,13
0.677419355,0,0,462,682,1,1,94,0,10
0.905071521,0,30,696,769,1,0,11,3,16
0.005680705,1,0,29,5105,0,0,0,5,18
1.029850746,0,131,207,201,1,1,75,2,12
0.01308699,1,0,17,1299,1,0,1,0,18
0.007574118,1,0,35,4621,0,0,0,4,17
1.252747253,0,37,570,455,1,1,120,0,10
0.899807322,0,13,467,519,1,1,16,0,17
0.970822281,0,8,366,377,1,1,373,0,9
0.896142433,0,0,604,674,1,1,65,0,11
0.978395062,0,59,634,648,1,0,21,0,9
0.869387755,0,0,213,245,1,1,31,0,12
0.735483871,0,29,114,155,1,1,8,2,12
0.899193548,0,0,446,496,1,1,62,0,7
0.839366516,0,0,371,442,1,1,9,0,16
0.00379843,1,0,15,3949,0,0,0,2,13
0.698315467,0,1,456,653,1,1,170,0,9
0.649851632,0,0,219,337,1,1,0,1,7
0.989986649,0,28,1483,1498,1,1,770,0,11
1.176671214,0,135,1725,1466,1,1,245,0,17
0.128161889,1,0,228,1779,0,0,0,10,11
0.939226519,0,18,170,181,1,1,15,0,14
0.755813953,0,0,260,344,1,1,99,0,14
0.574519231,0,27,239,416,1,1,8,0,14
0.830952381,0,0,349,420,1,1,61,0,12
0.594117647,0,0,202,340,1,1,28,0,11
0.614742698,0,0,442,719,1,0,96,2,7
2.38,0,10,238,100,1,1,100,0,11
0.072901325,1,0,99,1358,1,0,1,3,7
1.112,0,6,417,375,1,1,25,0,10
1.056122449,0,0,207,196,1,1,7,0,11
1.146507666,0,41,673,587,1,1,11,0,11
0.980842912,0,56,512,522,1,1,88,0,10
0.639713408,0,13,625,977,1,1,7,0,11
0.702898551,0,0,582,828,1,1,43,0,16
1.193877551,0,146,234,196,1,1,66,2,8
0,1,0,0,126,1,1,0,0,5
0.246658566,0,71,203,823,1,0,4,0,12
0.37260274,0,0,136,365,1,1,19,0,14
0.620253165,0,0,245,395,1,1,10,0,8
0.114285714,0,10,36,315,1,0,0,0,11
0.887772194,0,53,530,597,1,1,71,0,8
0.820971867,0,0,321,391,1,1,1,0,12
0.956656347,0,0,309,323,1,1,96,0,11
1.26344086,0,30,235,186,1,1,9,0,16
0.967521368,0,0,566,585,1,1,13,0,7
1.184514003,0,45,719,607,1,1,69,0,11
0.88856305,0,20,303,341,1,1,12,0,13
0.901587302,0,0,284,315,1,1,23,0,7
1,0,17,198,198,1,0,35,0,12
0.77919708,0,72,427,548,1,1,54,0,11
1.015947467,0,46,1083,1066,1,0,469,0,9
0.06329849,1,0,109,1722,1,1,8,5,11
0.857142857,0,14,186,217,1,0,5,0,12
0,1,0,0,54,0,1,0,0,11
0.071826281,1,0,129,1796,1,1,5,0,8
0.061491935,1,0,61,992,1,0,0,4,10
1.335051546,0,22,777,582,1,0,29,0,13
0.965944272,0,22,312,323,1,1,12,0,7
0.804195804,0,0,115,143,1,1,15,0,7
0.678733032,0,0,300,442,1,1,36,0,12
0.777372263,0,0,213,274,1,1,1,0,13
1.119363395,0,18,422,377,1,0,17,0,13
0.834983498,0,0,253,303,1,1,7,0,9
0.978395062,0,59,634,648,1,0,21,0,9
1.280487805,0,43,1050,820,1,0,332,0,10
1.138513514,0,7,337,296,1,0,65,0,13
0.882191781,0,50,322,365,1,1,122,0,6
0.68829664,0,105,594,863,1,1,276,0,9
1.453804348,0,122,535,368,1,1,49,0,18
0.660618997,0,0,619,937,1,1,16,0,10
0.854901961,0,0,218,255,1,1,2,0,9
0.682142857,0,9,191,280,1,1,4,0,15
0.858139535,0,60,369,430,1,1,14,0,14
0.68829664,0,105,594,863,1,1,276,0,9
0.086012697,1,30,420,4883,1,0,8,0,12
0.963181149,0,33,654,679,1,0,24,0,8
0.610044313,0,0,413,677,1,1,38,0,15
0.888888889,0,14,120,135,1,0,46,0,13
1.095121951,0,19,449,410,1,1,19,0,8
0.939393939,0,0,310,330,1,1,0,1,5
0.002351935,1,0,11,4677,0,0,0,3,8
0.735099338,0,111,444,604,1,0,3,4,16
0.873362445,0,17,200,229,1,1,4,2,10
1.088050314,0,18,346,318,1,0,0,0,12
0.597979798,0,0,296,495,1,1,49,0,12
1.008379888,0,18,361,358,1,0,75,0,9
0.745132743,0,30,421,565,1,1,44,0,6
0.862068966,0,0,475,551,1,1,93,0,11
1.081967213,0,20,66,61,1,0,0,0,12
0.843956044,0,0,384,455,1,0,31,2,6
0.864306785,0,12,293,339,1,1,92,0,10
0.005886681,1,0,8,1359,1,0,0,0,8
0.070217918,1,0,58,826,1,0,0,4,12
0.972560976,0,23,319,328,1,1,6,0,11
1.03654485,0,39,1872,1806,1,1,374,0,11
1.466307278,0,24,544,371,1,1,5,2,9
0.933471933,0,34,449,481,1,1,45,2,10
0.75224647,0,0,586,779,1,0,88,0,9
0.951374207,0,64,450,473,1,1,152,0,15
0.666666667,0,0,260,390,1,1,37,0,11
0.027204503,1,0,58,2132,0,0,0,0,14
0.0046811,1,0,8,1709,1,1,0,2,7
0.906976744,0,11,39,43,1,1,0,4,10
0.626453488,0,0,431,688,1,1,15,0,9
0.815217391,0,0,150,184,1,0,79,0,6
0.792318634,0,0,557,703,1,0,60,0,11
1.004914005,0,25,409,407,1,1,164,0,12
0.85,0,17,153,180,1,1,6,0,11
0.670967742,0,9,208,310,1,1,440,0,10
0.011618696,0,0,44,3787,0,0,1,0,13
1.09512761,0,32,472,431,1,1,59,0,9
0.634328358,0,0,340,536,1,0,4,4,15
0.579196217,0,0,245,423,1,1,74,0,10
0.82244898,0,0,403,490,1,1,38,0,12
0.756291391,0,4,571,755,1,1,16,0,10
0.668949772,0,46,293,438,1,1,45,0,6
5.481481481,0,35,592,108,1,0,117,0,9
1.320707071,0,30,523,396,1,1,52,0,11
0.532352941,0,41,543,1020,1,1,179,0,14
0.872944694,0,42,584,669,1,0,31,0,10
0.040170826,1,0,301,7493,1,1,0,4,10
0.836956522,0,0,77,92,1,1,0,0,10
0.755102041,0,0,148,196,1,1,7,0,12
1.114021572,0,18,723,649,1,0,62,0,8
0.997641509,0,40,423,424,1,1,169,0,12
0.01986755,1,0,3,151,0,1,0,0,16
0.043383948,1,16,80,1844,1,1,1,0,9
0.725925926,0,0,196,270,1,0,199,0,15
0.894039735,0,0,540,604,1,1,16,0,16
1.01946472,0,33,419,411,1,1,38,0,13
0.018668012,1,8,37,1982,1,0,1,3,9
1.096153846,0,47,399,364,1,1,9,0,16
0.789041096,0,8,288,365,1,1,4,0,14
1.002702703,0,29,371,370,1,1,10,0,14
0.006469875,1,0,16,2473,0,0,0,0,13
0.351491569,0,30,271,771,1,1,81,0,9
1.024242424,0,41,338,330,1,0,17,0,12
0,1,52,0,0,1,0,6,3,7
2.558823529,0,0,261,102,1,0,142,0,8
0.834677419,0,0,414,496,1,1,60,0,10
0.067352666,1,0,288,4276,1,0,1,5,9
2.212121212,0,87,219,99,1,0,79,0,18
0.006928406,1,0,6,866,0,1,2,0,10
0.29989356,1,0,1127,3758,1,1,3,6,9
0.903954802,0,0,160,177,1,0,2,0,12
1.327868852,0,5,972,732,1,1,113,0,13
0.888743455,0,23,679,764,1,1,39,0,11
1.035714286,0,0,406,392,1,0,142,0,6
0.78559464,0,66,938,1194,1,1,27,0,14
0.951710262,0,8,473,497,1,1,16,0,12
0.183098592,1,0,26,142,0,0,0,0,9
0.481582538,0,32,353,733,1,1,5,0,7
0.621794872,0,0,97,156,1,1,24,0,9
0.95545657,0,0,429,449,1,0,1,4,9
0.780487805,0,0,224,287,1,1,51,0,13
